#,Company,Country,Est. Employees,Industry,Signal Type,Evidence,Stakeholders,Outreach Angle,Priority,Confidence
1,Zopa Bank,UK,~945,Fintech / Digital Bank,Active privacy team hiring — multiple concurrent roles,"Advertising Data Privacy Specialist, Data Privacy Analyst, and Data Privacy & Governance Associate on Lever simultaneously; job specs explicitly reference DPIAs, quarterly RoPA reviews, PECR, and UK GDPR (Feb–Jun 2025). Source: jobs.lever.co/zopa","Head of Data Governance; Chief Risk Officer; DPO","We noticed you're building out your data governance and privacy function with multiple concurrent hires. Dastra is purpose-built for teams like yours — covering DPIAs, RoPA, DSAR workflows and consent in one place. Happy to show you how firms like Zopa avoid the spreadsheet trap at scale.",5,5
2,Clanwilliam Group,Ireland,~1050,Healthcare Technology,Hiring Group DPO + health data processing at scale,"Active LinkedIn posting for Group Data Protection Officer covering 15 subsidiaries across UK and Ireland. Processes health data for 1.5M healthcare professionals via GP, pharmacy, hospital, and aged-care systems. Source: ie.linkedin.com – Group DPO at Clanwilliam","Incoming Group DPO; Group Legal Counsel; CTO","You're hiring a Group DPO to oversee 15+ entities processing sensitive health data under both EU GDPR and UK GDPR. Dastra helps multi-entity groups map RoPA, coordinate DPIAs, and manage DSARs across subsidiaries — so the new DPO can focus on governance, not spreadsheets from day one.",5,5
3,Marshmallow Insurance,UK,~700,Insurtech / Motor Insurance,Recent major funding + rapid headcount growth,"Raised $90M Series C (April 2025) at $2B+ valuation; 1M+ customers; expanded from 310 employees (2023) to ~700 (2025); renewed UK-market focus after US exit; processes vehicle, location, and personal data at scale. Source: TechCrunch, 14 Apr 2025","Head of Compliance; DPO/Privacy Lead; COO","Tripling headcount in two years while processing personal data for a million drivers creates serious governance complexity. Dastra gives fast-growing insurtechs the RoPA, DPIA, and vendor-assessment workflows to scale their privacy programme at the same pace as the business.",5,4
4,N Brown Group,UK,~1400,Digital Retail / Consumer Financial Services,Active privacy manager hiring with explicit GDPR scope,"LinkedIn/ClickJobs posting for Data Protection and Privacy Manager for the ""Data Governance team"" to oversee day-to-day privacy activities, GDPR compliance, and support the DPO. Source: uk.linkedin.com – Data Protection and Privacy Manager at N Brown","Head of Data Governance; DPO; Group Compliance Director","You're hiring a privacy manager to support your DPO's workload — a clear sign the current toolkit isn't scaling. Show your new hire they can own RoPA, DSARs, and DPIAs in one system rather than stitching together spreadsheets from their first week.",5,4
5,Inspired Thinking Group (ITG),UK,~1200,Marketing Technology / Creative Services,Privacy hiring + AI governance obligations + M&A integration,"Hiring Data Protection Manager (LinkedIn post, 2024); acquired PureRed (US) Feb 2025 triggering cross-border data integration obligations; integrating Adobe Firefly generative AI (Jan 2026) creating new AI processing obligations; 2000+ staff across 6 continents processing marketing/creative data for major enterprise brands. Source: inspiredthinking.group; LeadIQ","Group Data Protection Manager; General Counsel; Chief Technology Officer","Three privacy events in 12 months — a cross-Atlantic acquisition, an AI platform integration, and a new DPM hire — is exactly when organisations need a single system to re-baseline RoPA, conduct integration DPIAs, and govern AI processing. Let's talk before the new hire walks in.",4,4
6,Safeguard Global,UK (role) / Global HQ,~1900,HR / Global Payroll / EOR,Active UK-based Data Protection & Privacy Officer hiring,"LinkedIn posting for Data Protection & Privacy Officer in UK or EU to oversee data flows across 165 countries for 1000+ client organisations; processes HR and payroll data internationally. Source: uk.linkedin.com – Data Protection and Privacy Officer at Safeguard Global","Incoming DP&P Officer; Chief Compliance Officer; General Counsel","Processing HR and payroll data across 165 jurisdictions is one of the most complex privacy operating environments there is. Dastra's vendor-assessment and cross-border transfer modules — alongside RoPA and DPIA tools — are purpose-built for global EOR providers. Worth a conversation with your incoming Privacy Officer.",4,4
7,Artificial Labs,UK,~200,Insurance Technology (AI Underwriting),Recent major funding round triggering privacy scaling need,"Raised $45M Series B (February 2025) to accelerate growth in specialty/commercial insurance AI; processes underwriting data including sensitive risk information; AI models in underwriting require DPIAs under UK GDPR. Source: techfundingnews.com","Chief Privacy/Compliance Officer; CTO; Head of Legal","A $45M Series B to scale AI underwriting means new enterprise client contracts, each expecting robust DPIAs and vendor assessments. Dastra lets you run those assessments, maintain a RoPA for your AI processing, and issue consent artefacts — all before the next enterprise pilot.",4,4
8,ManyPets (fmr. Bought By Many),UK,~500-600,Pet Insurtech,Strategic UK refocus + FCA-regulated health/insurance data,"Sold US carrier business Jan 2025; renewed UK strategic focus for 2025; FCA-regulated; processes health/veterinary claim data; gender pay gap reports show active UK payroll. Source: Insurance Times – Luisa Barile interview, Dec 2024","Chief Compliance Officer; DPO; Head of Technology","Rebuilding UK strategy with 500+ employees and FCA obligations means your privacy programme needs to be watertight — covering health data from vet claims, consent for direct marketing, and DSAR volumes from a 500K+ customer base. Dastra handles all of it.",4,3
9,Tractable AI,UK,~200-300,AI / Insurance Claims Assessment,AI processing of personal/accident data requires DPIAs,"Uses computer vision and deep learning on accident imagery and claims data; AI models require DPIAs under UK GDPR Article 22 and ICO AI guidance; processing personal injury data falls under special categories. Source: tractable.ai; Wikipedia","Head of Legal; Chief Privacy Officer; Head of Compliance","Your AI models assess personal injury and claims data at scale — exactly the high-risk processing that triggers mandatory DPIAs under UK GDPR. Dastra's DPIA module combined with RoPA and AI governance workflows gives you an audit trail that satisfies both ICO and enterprise customer DPAs.",4,3
10,Wayflyer,Ireland,~300,Alternative Finance / eCommerce Funding,Active Dublin privacy programme + acquisition adding data obligations,"Dedicated privacy professional on staff in Dublin; acquired Mademebuyit (Feb 2025) expanding data processing; processes financial/banking data for eCommerce brands. Source: wayflyer.com/en/privacy-notice; Wikipedia – Wayflyer","Head of Legal/Compliance; DPO; CFO","Processing Open Banking and financial data for eCommerce brands across the EEA and UK, with a recent acquisition expanding your data estate, is exactly when a RoPA review and vendor-assessment programme pays for itself. Dastra's DPC-ready workflows are built for Dublin-based fintechs.",3,3
11,Beamery,UK,~270,HR Tech / Talent Management,Privacy programme maturity signal with enterprise scale-up needs,"Certified under third-party enterprise privacy governance programme; processes candidate data globally for enterprise talent acquisition clients; GDPR compliance automation built into platform product. Source: beamery.com/security","Head of Privacy / DPO; General Counsel; CTO","You've built a solid privacy foundation and you sell GDPR-compliant data handling as a product differentiator. The next step is a purpose-built internal ops platform so your DPO isn't managing DPAs and DPIAs in Word docs while your customers expect enterprise-grade governance.",3,3
12,Multiverse,UK,~813,EdTech / AI Apprenticeships,AI-powered upskilling platform processing learner data at scale,"UK's first EdTech unicorn; processes apprentice/learner data for 1500+ employer partners; AI apprenticeship programme for 15000 learners (announced Jun 2025); DUA Act 2025 introduces updated duties for edtech vendors processing learner data. Source: tech.eu – Multiverse 15000 AI apprentices, Jun 2025; Wikipedia – Multiverse","DPO; Head of Legal; Chief People Officer","Scaling to 15000 AI apprentices across 1500+ employer organisations means you act as both data controller and processor — managing RoPA for each engagement, conducting DPIAs for AI-powered learning analytics, and handling DSARs from learners. Dastra is the right tool for that complexity.",3,3
13,Taxback Group,Ireland,~800,Tax Technology / Financial Services,High-volume processing of personal financial/tax data internationally,"Taxback.com and Taxback International process personal tax records for individuals across 100+ countries; cross-border transfers require strong governance; sector has high DSAR/data rights request volumes from individual clients. Source: Sector ICP analysis; taxback.com","Group DPO; Head of Compliance; CFO","Processing personal tax data for individuals across 100+ countries creates some of the most complex cross-border data governance obligations in Ireland. Dastra's RoPA, transfer-mechanism records, and DSAR workflows are designed for exactly this type of cross-border data estate.",3,3
14,Atom Bank,UK,~500,Digital Bank,FCA/PRA-regulated digital bank with high personal data volumes,"UK's first app-only bank; FCA and PRA regulated; processes sensitive banking/financial data for hundreds of thousands of customers; DORA obligations from January 2025; subject to heightened ICO scrutiny on financial services. Source: Sector ICP analysis; atombank.co.uk","DPO; Head of Compliance; Head of Risk","As a fully digital bank with PRA oversight and DORA obligations layered on top of UK GDPR, your privacy programme needs to cover DPIAs for AI credit models, vendor assessments for ICT providers, and RoPA across retail and business banking products. Dastra does all three in one platform.",3,3
15,iwoca,UK,~500,SME Lending / Fintech,Growing SME lender with high-volume personal/business data,"Fast-growing SME lender; £200M debt round backed by Barclays in 2024; processes credit, financial, and personal data for tens of thousands of SMEs; DORA and UK GDPR intersection creates compliance complexity. Source: whitecase.com – UK fintech M&A Sept 2024","DPO; Chief Risk Officer; Head of Legal","Processing credit and banking data for tens of thousands of SMEs, with a new £200M debt facility to scale, means your privacy programme needs to grow with the book. Dastra's RoPA and DPIA tools give your compliance team visibility across every processing activity — not just the big ones.",3,3
16,Moneybox,UK,~350,Savings / Investment / Pension App,FCA-regulated with sensitive pension and investment data,"FCA-regulated savings/investment/pension app with 800K+ customers; processes pension, ISA, and investment data including special category financial information; Consumer Duty obligations from 2024. Source: Sector ICP analysis; moneyboxapp.com","DPO; Chief Compliance Officer; General Counsel","Processing pension and ISA data for 800K+ customers under FCA Consumer Duty and UK GDPR creates DSAR volumes and DPIA obligations that manual processes can't handle. Dastra's workflows reduce response times and give your compliance team audit-ready evidence for the FCA.",3,3
17,YuLife,UK,~300,Insurtech / Employee Wellbeing,Processes health and biometric data with special category obligations,"Group life insurance and wellbeing platform processing biometric, health, and lifestyle data for employee benefits; UK GDPR Article 9 special category obligations; employer data processor for enterprise clients. Source: Sector ICP analysis; yulife.com","DPO; Head of Compliance; Chief Legal Officer","Processing health and biometric data from wearables and wellbeing apps for employers triggers Article 9 obligations, DPIAs, and strict data processor agreements. Dastra's DPIA and DPA module gives you a structured way to manage those obligations without building it from scratch.",3,3
18,Cuvva,UK,~220,Usage-Based Car Insurance Tech,Processes location/telematics personal data — high-risk under ICO,"Usage-based car insurance processing real-time telematics, GPS location, and driving behaviour data; special category processing for location tracking; ICO has flagged location data as high-risk. Source: Sector ICP analysis; cuvva.com","Head of Compliance; DPO; CTO","Processing real-time telematics and location data for every journey triggers mandatory DPIAs and requires transparent RoPA entries. Dastra gives your privacy team a structured DPIA workflow and keeps your records up to date as your processing evolves.",3,3
19,Paddle,UK,~400,B2B SaaS Payments / Merchant of Record,Processes payment data globally as controller for SaaS vendors,"Merchant-of-record platform processing payments on behalf of thousands of SaaS companies worldwide; acts as data controller for customer billing data; cross-border transfers across EEA, UK, US; PCI-DSS and GDPR intersection. Source: Sector ICP analysis; paddle.com","DPO; Chief Compliance Officer; VP Legal","Acting as merchant of record means you're the data controller — not just a processor — for your vendors' customer payment data. That creates a RoPA obligation, DSAR liability, and vendor-assessment duties across your entire SaaS partner ecosystem. Dastra structures all of that.",3,3
20,Benefex,UK,~300,Employee Benefits Technology,Processes sensitive HR/health/salary data as data processor,"Employee benefits platform processing salary, pension, health insurance, and other sensitive HR data on behalf of enterprise clients; data processor obligations under UK GDPR; likely uses spreadsheets or custom tools for DPA management. Source: Sector ICP analysis; benefex.co.uk","DPO; Head of Legal; Chief Operations Officer","Processing health, salary, and pension data for enterprise clients puts you squarely in the UK GDPR processor hot seat — client DPAs, sub-processor agreements, and DSAR pass-through obligations. Dastra gives you a professional-grade data processor toolkit without the enterprise price tag.",3,3
21,Ciphr,UK,~300,HR / Payroll / Learning Software,HR platform with employee data at scale — DPA obligations,"Provides HR, payroll, and learning management software to UK organisations; processes employee personal data including salary, performance, and health records; serves public and private sector. Source: Sector ICP analysis; ciphr.com","DPO; Head of Product Compliance; Chief Compliance Officer","Providing HR, payroll, and LMS solutions to public sector clients means DSAR obligations, DPAs with dozens of clients, and strict ICO expectations. Dastra's vendor and processor tools let you run your privacy programme the way your NHS and local authority clients expect.",3,3
22,Fexco,Ireland,~1300,Financial Services / FX / Payments,Cross-border financial data processing at scale,"Kerry-based financial services group operating across 30+ countries; divisions include FX, payments, motor, and business process outsourcing; processes financial data internationally; DPC supervisory oversight. Source: Sector ICP analysis; fexco.com","Group DPO; Group Compliance Director; CEO","Operating FX, payments, and BPO across 30+ countries from Kerry creates one of the most complex cross-border data governance estates in Ireland. Dastra's RoPA with transfer mechanisms, vendor-assessment module, and multi-entity DPIA workflows are built for exactly this profile.",3,3
23,FBD Insurance,Ireland,~600,Insurance,Irish insurer processing sensitive personal/health data,"Irish domestic insurer regulated by the Central Bank of Ireland; processes health, accident, and personal data for agricultural and commercial insurance; DPC oversight; subject to EIOPA digital guidelines. Source: Sector ICP analysis; fbd.ie","DPO; Group Compliance Manager; Head of Legal","As a CBI-regulated insurer processing health and accident data, FBD faces DPC scrutiny at the same time as legacy systems make governance complex. Dastra gives your DPO a single view of processing activities, DPIA workflows, and DSAR management that replaces fragmented tools.",3,3
24,Hostelworld Group,Ireland,~300,Travel Technology,Consumer app with cross-border personal data and cookie complexity,"Dublin-listed travel booking platform with 13M+ users globally; processes cross-border personal data; cookie consent complexity at scale; DPC subject to Irish Data Protection Act; FCA/Central Bank financial data obligations. Source: Sector ICP analysis; hostelworld.com","DPO; Head of Legal; Chief Product Officer","Serving 13M+ users globally from Dublin means cookie consent, cross-border transfer records, and DSAR management in multiple jurisdictions. Dastra's consent and RoPA tools give your small privacy team a professional infrastructure that scales with your user base.",3,3
25,Workhuman,Ireland,~800,HR Technology / Employee Recognition,HR platform processing employee data for global enterprise clients,"Dublin HQ; employee recognition and performance platform processing HR and people-analytics data for large global enterprises; data processor for FTSE/Fortune companies; ISO 27001 certified. Source: Sector ICP analysis; workhuman.com","DPO; Head of Trust & Security; Chief Legal Officer","Processing HR and recognition data for Fortune 500 clients makes enterprise DPAs, vendor assessments, and DSAR pass-through obligations central to your sales process. Dastra gives your privacy team a scalable toolkit to meet enterprise customer requirements without bespoke implementations.",3,3
26,Arachas Corporate Brokers,Ireland,~400,Insurance Brokerage,PE-backed growth + processing sensitive insurance data,"Ireland's largest insurance broker; acquired by Ardonagh Group; buy-and-build acquisition strategy; processes client risk, health, and personal data; M&A activity triggers RoPA reviews. Source: Sector ICP analysis; arachas.ie","DPO; Head of Compliance; CFO","Each acquisition under a buy-and-build strategy brings new data estates that need to be mapped, assessed, and integrated into your RoPA. Dastra's multi-entity framework lets your compliance team onboard newly acquired entities systematically without starting from scratch each time.",2,2
27,Dotdigital,UK,~400,Marketing Automation / CDP,Email/SMS platform processing consumer data at scale,"UK-listed marketing automation platform; processes email, SMS, and behavioural data for enterprise brands; cookie/consent governance complexity; PECR/UK GDPR marketing obligations; ICO cookie review affected similar platforms. Source: Sector ICP analysis; dotdigital.com","DPO; Head of Compliance; Chief Product Officer","As a marketing automation platform, you're both controller and processor for your clients' consumer data — which means ICO scrutiny, PECR marketing consent obligations, and client DPAs. Dastra gives your legal and compliance team a structured platform to manage all three.",2,2
28,CarTrawler,Ireland,~500,B2B Travel Technology,Processes personal booking data for 150+ airline and travel partners,"Dublin HQ; white-label car rental and travel ancillaries for airlines; processes personal travel/booking data for 150+ partners; cross-border transfers; acts as processor for major airline data controllers. Source: Sector ICP analysis; cartrawler.com","DPO; Head of Legal; Chief Technology Officer","Acting as a data processor for 150+ airlines and travel brands — many of them under strict GDPR/UK GDPR — means your privacy programme needs to handle complex DPAs, DSAR pass-throughs, and sub-processor governance at scale. Dastra makes that manageable.",2,2
29,PCI Pal,UK,~200,Payment Security SaaS,Payment data security with intersection of GDPR obligations,"UK-listed SaaS platform for PCI-DSS-compliant payment security; processes payment data on behalf of clients; strong intersection between PCI-DSS and UK GDPR obligations; FCA and ICO touch points. Source: Sector ICP analysis; pcipal.com","DPO; Chief Information Security Officer; Head of Compliance","Straddling PCI-DSS and UK GDPR as a payment security SaaS means your vendor agreements, DPIAs for payment processing, and RoPA entries all need to be tightly maintained. Dastra lets your compliance team manage both frameworks' documentation obligations in one place.",2,2
30,Moneyfarm,UK,~300,Digital Wealth Management,FCA-regulated investment platform with pension/ISA data,"UK-based digital investment adviser; FCA-regulated; processes pension, GIA, and ISA data for 100K+ clients; Consumer Duty obligations from 2024; cross-border data to Italy HQ. Source: Sector ICP analysis; moneyfarm.com","DPO; Head of Compliance; Chief Legal Officer","Processing pension and ISA data across UK and EU jurisdictions under Consumer Duty, UK GDPR, and FCA obligations requires a disciplined privacy programme. Dastra gives your DPO a unified view of processing, transfers, and DSARs — without the cost of an enterprise platform.",2,2
